Conventions,G,BADC-CSV,1
title,G,Midas-open: Station site metadata for uk-soil-temperature-obs
source,G,Met Office MIDAS database
creator,G,Met Office
activity,G,Met Office MIDAS Open: UK Land Surface Stations Data
feature_type,G,point collection
observation_station,G,UK land surface observing network
location,G,UK
collection_name,G,midas-open
collection_version_number,G,dataset-version-201908
date_valid,G,2019-08-20
history,G,Created 2019-08-20
last_revised_date,G,2019-08-20
comments,G,This file contains geographic and temporal information for the stations covered in this version of the uk-soil-temperature-obs part of the MIDAS-open collection
comments,G,The temporal range given here is in relation to the data temporal range available for this station within this dataset and may differ from other dates for the given station in other MIDAS-open datasets
comments,G,The geographic location relates to the currently recorded station location to 3 decimal places of latitude and longitude
comments,G,If more precise geographical location information is required please contact the Met Office directly as there may be data management restrictions for stations located on private property
comments,G,Further station-specific details are given in each station folder in the associated capability files
comments,G,For fuller station metadata please use the MIDAS station search tool available from the Centre for Environmental Data Analysis
coordinate_variable,src_id,x
long_name,src_id,The unique MIDAS identifier for the station,1
type,src_id,int
comments,src_id,This is a unique ID ascribed to this station within the MIDAS system. It is used across MIDAS as a way to join related data and metadata together where a site may have used different identifiers for different meteorological reports over time.
long_name,station_name,The name for this station,1
type,station_name,char
long_name,station_file_name,The filename used for this station,1
type,station_file_name,char
comments,station_file_name,The filename is derived from the station name but replacing spaces with - as necessary
long_name,historic_county,the historic county this station is within,1
type,historic_county,char
comments,historic_county,Within MIDAS stations are associated with a set of fixed historic county definitions for the UK and are not amended to reflect modern county boundary changes. For more details refer to the MIDAS documentation.
long_name,station_latitude,The station latitude (WGS84),degrees
type,station_latitude,float
long_name,station_longitude,The station longitude (WGS84),degrees
type,station_longitude,float
long_name,station_elevation,The station elevation,m
type,station_elevation,float
comments,station_elevation,The station elevation in metres above mean sea level
long_name,first_year,first year of data associated with this station in this dataset,year
type,first_year,float
comments,first_year,This relates to the first year of available data within this version of this dataset. The first year may differ for this station within other datasets of Midas-open
long_name,last_year,last year of data associated with this station in this dataset,year
type,last_year,float
comments,last_year,This relates to the last year of data associated with this station in this dataset. It does not indicate whether the station is currently operational and the last year may differ for this station within other datasets of Midas-open
comments,last_year,The first and last year indicate simply the year of first and last available data in this dataset. They do not indicate the availability of data between those dates or availability of data within other datasets of Midas-open
data
src_id,station_name,station_file_name,historic_county,station_latitude,station_longitude,station_elevation,first_year,last_year
00003,FAIR ISLE,fair-isle,shetland,59.526,-1.63,57,1976,2018
00009,LERWICK,lerwick,shetland,60.139,-1.185,82,1979,2018
00012,BALTASOUND NO 2,baltasound-no-2,shetland,60.748,-0.856,15,1992,2018
00013,BALTASOUND,baltasound,shetland,60.759,-0.888,24,1914,1995
00020,STENNESS,stenness,orkney,58.982,-3.223,23,1961,1974
00023,KIRKWALL,kirkwall,orkney,58.953,-2.901,26,1980,2018
00024,WEYLAND,weyland,orkney,58.986,-2.948,24,1977,1979
00025,"NORTH RONALDSAY, GERBO",north-ronaldsay-gerbo,orkney,59.361,-2.415,11,1997,1997
00031,LYBSTER,lybster,caithness,58.311,-3.285,85,1997,2003
00032,WICK AIRPORT,wick-airport,caithness,58.454,-3.09,36,1981,2018
00033,KEISS,keiss,caithness,58.542,-3.11,30,1972,1985
00034,JOHN O GROATS,john-o-groats,caithness,58.635,-3.064,30,1970,1972
00039,ACHANY NO 2,achany-no-2,sutherland,57.981,-4.427,107,1977,1982
00042,ACHANY,achany,sutherland,57.982,-4.422,85,1959,1970
00043,LAIRG NO 2,lairg-no-2,sutherland,58.019,-4.407,91,1971,2000
00044,ALTNAHARRA NO 2,altnaharra-no-2,sutherland,58.288,-4.442,81,1993,2018
00045,TORRISDALE,torrisdale,sutherland,58.523,-4.273,27,1980,1990
00048,"KINBRACE, HATCHERY",kinbrace-hatchery,sutherland,58.23,-3.922,103,1980,2011
00050,STRATHY EAST,strathy-east,sutherland,58.561,-3.992,68,1994,2011
00052,AULTBEA NO 2,aultbea-no-2,ross-and-cromarty,57.859,-5.633,11,1991,2018
00054,STORNOWAY AIRPORT,stornoway-airport,western-isles,58.213,-6.319,15,1980,2018
00058,DIABAIG,diabaig,ross-and-cromarty,57.579,-5.692,60,2002,2002
00060,POOLEWE,poolewe,ross-and-cromarty,57.774,-5.597,6,2005,2018
00063,INVERPOLLY,inverpolly,ross-and-cromarty,58.068,-5.267,14,1963,1997
00064,PLOCKTON,plockton,ross-and-cromarty,57.337,-5.653,12,1979,2018
00066,KINLOCHEWE,kinlochewe,ross-and-cromarty,57.613,-5.306,25,1961,2018
00067,LOCH GLASCARNOCH,loch-glascarnoch,ross-and-cromarty,57.725,-4.895,269,1992,2018
00074,DINGWALL,dingwall,ross-and-cromarty,57.6,-4.447,7,1999,1999
00079,TAIN RANGE,tain-range,ross-and-cromarty,57.819,-3.967,4,1992,2018
00082,BARRA (W I),barra-w-i,western-isles,57.025,-7.449,3,1999,2007
00084,BENBECULA AIRPORT,benbecula-airport,western-isles,57.475,-7.371,6,1980,1993
00089,RHUM: KINLOCH,rhum-kinloch,inverness-shire,57.014,-6.282,5,1959,2007
00090,SKYE: PRABOST,skye-prabost,inverness-shire,57.467,-6.305,67,1983,1989
00098,FORT WILLIAM,fort-william,inverness-shire,56.809,-5.125,11,1959,1960
00099,FORT WILLIAM NO 3,fort-william-no-3,inverness-shire,56.837,-5.078,8,1960,1971
00103,AONACH MOR,aonach-mor,inverness-shire,56.822,-4.969,1130,1998,2011
00105,TULLOCH BRIDGE,tulloch-bridge,inverness-shire,56.867,-4.708,249,1993,2018
00107,FORT AUGUSTUS,fort-augustus,inverness-shire,57.144,-4.677,21,1980,1997
00110,LENTRAN,lentran,inverness-shire,57.459,-4.373,146,1978,2009
00111,DALWHINNIE NO 2,dalwhinnie-no-2,inverness-shire,56.94,-4.238,351,1980,2006
00113,AVIEMORE,aviemore,inverness-shire,57.206,-3.828,228,1983,2018
00114,DRUMNADROCHIT,drumnadrochit,inverness-shire,57.328,-4.486,53,2007,2007
00117,CAIRNGORM SUMMIT,cairngorm-summit,inverness-shire,57.116,-3.643,1237,2011,2011
00118,CAIRNGORM CHAIRLIFT,cairngorm-chairlift,inverness-shire,57.133,-3.669,663,1981,2018
00121,ACHNAGOICHAN,achnagoichan,inverness-shire,57.152,-3.798,305,1961,1974
00124,MOY,moy,inverness-shire,57.381,-4.056,305,1969,1971
00127,FORRES NO 2,forres-no-2,moray-in-grampian-region,57.615,-3.61,5,1976,2002
00131,FORRES,forres,moray-in-grampian-region,57.608,-3.597,50,1959,1976
00132,KINLOSS,kinloss,moray-in-grampian-region,57.645,-3.563,5,1961,2018
00133,ALDROUGHTY,aldroughty,moray-in-grampian-region,57.645,-3.379,30,1982,2000
00137,LOSSIEMOUTH,lossiemouth,moray-in-grampian-region,57.711,-3.323,7,1996,2015
00139,CLASHNOIR,clashnoir,banffshire,57.282,-3.287,338,1977,1981
00140,GLENLIVET,glenlivet,banffshire,57.354,-3.345,213,1957,1996
00142,"BANFF, GOLF CLUB",banff-golf-club,banffshire,57.661,-2.521,15,1989,2006
00143,BANFF NO 2,banff-no-2,banffshire,57.671,-2.523,24,1979,1988
00145,CAIRNWELL,cairnwell,aberdeenshire,56.879,-3.421,928,2011,2011
00147,BRAEMAR,braemar,aberdeenshire,57.006,-3.398,339,1982,2005
00148,BALMORAL,balmoral,aberdeenshire,57.037,-3.22,283,1997,2018
00149,BALLATER FIELD CENTRE,ballater-field-centre,aberdeenshire,57.047,-3.043,200,1998,1998
00150,ABOYNE NO 2,aboyne-no-2,aberdeenshire,57.076,-2.841,140,1992,2018
00151,DINNET,dinnet,aberdeenshire,57.109,-2.916,177,1962,1982
00160,CRAIBSTONE,craibstone,aberdeenshire,57.187,-2.215,102,1931,2018
00161,DYCE,dyce,aberdeenshire,57.205,-2.205,65,1997,2018
00163,"ABERDEEN, MANNOFIELD RESR",aberdeen-mannofield-resr,aberdeenshire,57.128,-2.14,52,2007,2007
00164,HILTON (ABERDEENSHIRE),hilton-aberdeenshire,aberdeenshire,57.165,-2.129,70,1963,1965
00165,UDNY,udny,aberdeenshire,57.299,-2.158,107,1960,1967
00167,CULTERTY NO 2,culterty-no-2,aberdeenshire,57.325,-2.003,3,1978,1999
00171,FETTERCAIRN (CRAIGMOSTON),fettercairn-craigmoston,kincardineshire,56.868,-2.566,95,1984,1984
00174,STRACHAN,strachan,kincardineshire,57.015,-2.502,120,1962,1971
00176,DURRIS,durris,kincardineshire,57.032,-2.404,107,1988,2018
00177,INVERBERVIE NO 2,inverbervie-no-2,kincardineshire,56.852,-2.266,134,1992,2018
00180,MUCHALLS,muchalls,kincardineshire,57.018,-2.17,64,1959,1965
00181,MYLNEFIELD,mylnefield,angus,56.457,-3.073,31,1959,2018
00182,AUCHTERHOUSE,auchterhouse,angus,56.538,-3.063,232,1959,1964
00183,DUNDEE,dundee,angus,56.47,-2.94,45,1959,1996
00184,GLAMIS CASTLE NO 2,glamis-castle-no-2,angus,56.625,-3.0,62,1959,1970
00186,FORFAR NO 2,forfar-no-2,angus,56.657,-2.775,67,1981,1983
00187,WHITEHILLOCKS,whitehillocks,angus,56.906,-2.907,258,2010,2010
00189,CARNOUSTIE NO 2,carnoustie-no-2,angus,56.507,-2.725,27,1959,1977
00191,ARBROATH,arbroath,angus,56.561,-2.573,29,1914,1983
00193,MONTROSE,montrose,angus,56.746,-2.481,55,1980,1992
00195,TYNDRUM NO 3,tyndrum-no-3,perthshire-in-central-region,56.419,-4.661,168,1991,2007
00200,STRATHYRE,strathyre,perthshire-in-central-region,56.321,-4.328,130,1959,1967
00201,BALQUHIDDER NO 2,balquhidder-no-2,perthshire-in-central-region,56.355,-4.397,136,1982,1992
00205,ARDTALNAIG,ardtalnaig,perthshire-in-tayside-region,56.528,-4.112,130,1984,2015
00208,DRUMMOND CASTLE,drummond-castle,perthshire-in-tayside-region,56.338,-3.877,113,1970,2017
00212,STRATHALLAN AIRFIELD,strathallan-airfield,perthshire-in-tayside-region,56.326,-3.729,35,1992,2018
00214,FASKALLY,faskally,perthshire-in-tayside-region,56.718,-3.77,94,1959,2018
00219,KINDROGAN,kindrogan,perthshire-in-tayside-region,56.748,-3.547,259,2009,2009
00224,BLAIRGOWRIE,blairgowrie,perthshire-in-tayside-region,56.579,-3.345,70,1960,1976
00225,GLENSHEE LODGE,glenshee-lodge,perthshire-in-tayside-region,56.799,-3.421,335,1959,1966
00226,KINROSS,kinross,kinross-shire,56.214,-3.413,116,1967,2017
00228,BRAEFOOT BAY,braefoot-bay,fife,56.043,-3.32,43,1994,2008
00232,"CUPAR, ELMWOOD AG COLLEGE",cupar-elmwood-ag-college,fife,56.319,-3.032,42,1973,2018
00233,"CUPAR, SUGAR FACTORY",cupar-sugar-factory,fife,56.325,-2.991,25,1959,1972
00235,LEUCHARS,leuchars,fife,56.377,-2.862,10,1981,2018
00237,BELLISTON,belliston,fife,56.239,-2.796,82,1974,2016
00241,LIVINGSTON NO 2,livingston-no-2,west-lothian-in-lothian-region,55.877,-3.544,125,1977,1995
00244,BALERNO,balerno,midlothian-in-lothian-region,55.871,-3.365,213,1959,1965
00245,MIDCALDER,midcalder,midlothian-in-lothian-region,55.892,-3.516,122,1959,1961
00246,TURNHOUSE,turnhouse,midlothian-in-lothian-region,55.951,-3.348,35,1981,1999
00247,"EDINBURGH, EAST CRAIGS",edinburgh-east-craigs,midlothian-in-lothian-region,55.948,-3.307,61,1959,2005
00248,DAVIDSONS MAINS,davidsons-mains,midlothian-in-lothian-region,55.968,-3.285,61,1960,1970
00249,PENICUIK,penicuik,midlothian-in-lothian-region,55.823,-3.228,185,1959,2018
00250,BUSH HOUSE,bush-house,midlothian-in-lothian-region,55.86,-3.208,184,1959,1999
00251,"EDINBURGH, BLACKFORD HILL",edinburgh-blackford-hill,midlothian-in-lothian-region,55.923,-3.191,134,2000,2000
00253,"EDINBURGH, ROYAL BOTANIC GARDEN NO 2",edinburgh-royal-botanic-garden-no-2,midlothian-in-lothian-region,55.967,-3.212,28,1959,2018
00257,PATHHEAD,pathhead,east-lothian,55.885,-2.94,131,1975,1989
00263,HADDINGTON,haddington,east-lothian,55.96,-2.751,41,1998,1998
00264,DUNBAR,dunbar,east-lothian,56.004,-2.528,23,1980,2018
00267,BLYTHE,blythe,berwickshire,55.737,-2.662,262,1978,2014
00268,CHARTERHALL,charterhall,berwickshire,55.709,-2.385,112,1992,2018
00269,MARCHMONT,marchmont,berwickshire,55.728,-2.411,152,1914,1914
00270,WHITCHESTER,whitchester,berwickshire,55.823,-2.447,255,1980,1988
00271,LEITHHOLM,leithholm,berwickshire,55.701,-2.339,64,1971,1978
00273,STANHOPE FARM,stanhope-farm,peebleshire,55.552,-3.392,226,1959,1990
00274,BLYTH BRIDGE,blyth-bridge,peebleshire,55.703,-3.368,253,1959,2003
00275,WEST LINTON,west-linton,peebleshire,55.754,-3.356,244,1959,1995
00279,BOWHILL,bowhill,selkirkshire,55.541,-2.906,168,1990,2018
00284,GREYCROOK,greycrook,roxburghshire,55.567,-2.637,76,1975,2004
00285,CARTERHOUSE,carterhouse,roxburghshire,55.358,-2.519,308,1990,2018
00286,FLOORS CASTLE,floors-castle,roxburghshire,55.603,-2.468,59,2015,2015
00287,KELSO,kelso,roxburghshire,55.604,-2.421,34,1987,2003
00288,SOURHOPE,sourhope,roxburghshire,55.475,-2.247,221,1959,2004
00289,KIELDER CASTLE,kielder-castle,northumberland,55.234,-2.58,201,1959,2018
00293,REDESDALE,redesdale,northumberland,55.253,-2.263,235,1970,2006
00296,HAYDON BRIDGE NO 2,haydon-bridge-no-2,northumberland,54.976,-2.253,82,1959,2000
00300,WALLINGTON,wallington,northumberland,55.154,-1.945,150,2018,2018
00310,"MORPETH, COCKLE PARK",morpeth-cockle-park,northumberland,55.213,-1.688,95,1906,2018
00313,TYNEMOUTH,tynemouth,tyne-and-wear,55.018,-1.417,33,2000,2000
00315,BOULMER,boulmer,northumberland,55.421,-1.601,23,1976,2011
00318,WESTGATE NO 2,westgate-no-2,durham,54.741,-2.133,333,1994,2009
00322,LOW ETHERLEY,low-etherley,durham,54.655,-1.74,162,1977,1995
00324,HOUGHALL,houghall,durham,54.765,-1.562,37,1960,1977
00325,HOUGHALL NO 2,houghall-no-2,durham,54.759,-1.571,49,1959,1960
00326,DURHAM,durham,durham,54.768,-1.586,102,1994,2018
00329,WASHINGTON,washington,tyne-and-wear,54.895,-1.49,29,1973,1981
00337,SNAIZEHOLME,snaizeholme,north-yorkshire,54.275,-2.263,290,1974,1981
00341,WYCLIFFE HALL,wycliffe-hall,north-yorkshire,54.521,-1.818,120,1989,1991
00342,DISHFORTH AIRFIELD,dishforth-airfield,north-yorkshire,54.135,-1.415,33,2011,2012
00346,LINTON ON OUSE,linton-on-ouse,north-yorkshire,54.045,-1.251,14,2000,2018
00347,CARLTON-IN-CLEVELAND,carlton-in-cleveland,cleveland,54.428,-1.218,103,1991,2018
00348,MARTON,marton,cleveland,54.53,-1.201,46,1969,1971
00349,"YORK, HESLINGTON",york-heslington,north-yorkshire,53.953,-1.04,19,1964,1980
00350,YORK,york,north-yorkshire,53.962,-1.09,17,1958,1964
00354,KIRBY MISPERTON,kirby-misperton,north-yorkshire,54.198,-0.792,22,1994,2004
00356,PICKERING,pickering,north-yorkshire,54.247,-0.781,44,1978,1984
00357,WYKEHAM FOREST,wykeham-forest,north-yorkshire,54.281,-0.568,214,1986,1992
00358,FYLINGDALES,fylingdales,north-yorkshire,54.359,-0.672,262,2011,2011
00359,WHITBY,whitby,north-yorkshire,54.481,-0.626,41,1984,2018
00360,SCARBOROUGH,scarborough,north-yorkshire,54.273,-0.423,110,1987,2018
00361,"SCARBOROUGH, TOWN HALL",scarborough-town-hall,north-yorkshire,54.281,-0.398,36,1941,1970
00362,"SCARBOROUGH, MANOR ROAD NUSERIES",scarborough-manor-road-nuseries,north-yorkshire,54.28,-0.418,52,1971,1986
00363,SILPHO MOOR,silpho-moor,north-yorkshire,54.338,-0.53,203,1959,1986
00367,HIGH MOWTHORPE,high-mowthorpe,north-yorkshire,54.105,-0.643,175,1959,2007
00369,HULL,hull,humberside,53.756,-0.358,2,1905,2010
00370,LECONFIELD,leconfield,humberside,53.875,-0.442,7,1993,2018
00373,BRIDLINGTON MRSC,bridlington-mrsc,humberside,54.094,-0.176,15,2011,2011
00381,SCAMPTON,scampton,lincolnshire,53.307,-0.548,57,2001,2018
00384,WADDINGTON,waddington,lincolnshire,53.175,-0.523,68,1985,2018
00385,LINCOLN,lincoln,lincolnshire,53.235,-0.56,6,1959,1982
00386,CRANWELL,cranwell,lincolnshire,53.031,-0.504,63,1982,2018
00391,WALESBY,walesby,lincolnshire,53.425,-0.286,115,1994,2005
00392,"KIRTON, HORTICULTURE",kirton-horticulture,lincolnshire,52.937,-0.068,4,1974,2009
00393,CONINGSBY,coningsby,lincolnshire,53.094,-0.173,6,2001,2018
00395,HOLBEACH NO 2,holbeach-no-2,lincolnshire,52.873,0.139,3,1993,2018
00396,DRIBY,driby,lincolnshire,53.249,0.077,41,1979,1997
00397,COVENHAM,covenham,lincolnshire,53.45,0.033,3,1979,1991
00399,"CLEETHORPES, HAVERSTOE PARK",cleethorpes-haverstoe-park,humberside,53.55,-0.03,7,2001,2004
00403,SKEGNESS,skegness,lincolnshire,53.148,0.346,6,1926,1958
00404,LINCOLN (CANWICK),lincoln-canwick,lincolnshire,53.222,-0.505,7,1983,1996
00405,DONNA NOOK NO 2,donna-nook-no-2,lincolnshire,53.475,0.153,8,1998,2011
00406,TERRINGTON ST CLEMENT,terrington-st-clement,norfolk,52.745,0.288,2,1959,2007
00407,DENVER,denver,norfolk,52.583,0.346,3,1978,2017
00409,MARHAM,marham,norfolk,52.651,0.566,21,2000,2018
00412,"SANTON DOWNHAM, GRIMES GRAVES",santon-downham-grimes-graves,norfolk,52.479,0.668,24,1959,1988
00413,SANTON DOWNHAM,santon-downham,suffolk,52.459,0.671,6,1988,2018
00414,SOUTH RAYNHAM,south-raynham,norfolk,52.771,0.778,68,1992,2000
00417,BRESSINGHAM,bressingham,norfolk,52.387,1.052,35,1987,1991
00419,EAST DEREHAM,east-dereham,norfolk,52.685,0.949,53,1967,1975
00420,"MELTON CONSTABLE, STODY ESTATE",melton-constable-stody-estate,norfolk,52.859,1.073,54,1993,2003
00421,WEYBOURNE,weybourne,norfolk,52.949,1.122,21,1993,2011
00422,MORLEY ST BOTOLPH,morley-st-botolph,norfolk,52.555,1.039,46,1968,2005
00423,COSTESSEY,costessey,norfolk,52.663,1.216,18,1973,1975
00426,CROMER,cromer,norfolk,52.934,1.291,37,1931,2008
00427,SCOLE,scole,norfolk,52.365,1.158,27,1971,1980
00428,SPROWSTON,sprowston,norfolk,52.662,1.327,28,1959,1968
00429,COLTISHALL,coltishall,norfolk,52.757,1.351,17,2000,2006
00431,BURLINGHAM,burlingham,norfolk,52.637,1.506,27,1959,1975
00432,GORLESTON,gorleston,norfolk,52.572,1.738,4,1930,1984
00433,HEMSBY,hemsby,norfolk,52.686,1.687,13,1982,2001
00435,BROOMS BARN,brooms-barn,suffolk,52.261,0.566,75,1964,2018
00436,CAVENDISH,cavendish,suffolk,52.091,0.628,55,1978,2011
00438,HONINGTON,honington,suffolk,52.34,0.77,51,1997,2003
00439,EAST BERGHOLT,east-bergholt,suffolk,51.96,1.023,7,1998,2017
00440,WATTISHAM,wattisham,suffolk,52.124,0.957,89,1997,2018
00441,HAUGHLEY,haughley,suffolk,52.236,0.973,62,1974,1982
00444,LEVINGTON,levington,suffolk,52.012,1.264,22,1977,1996
00445,WESTLETON,westleton,suffolk,52.247,1.621,10,1993,2015
00449,LOWESTOFT,lowestoft,suffolk,52.49,1.744,25,1900,2003
00450,"BOXWORTH, HOME PADDOCK",boxworth-home-paddock,cambridgeshire,52.257,-0.028,48,1959,1976
00451,"BOXWORTH, SAMSON FIELD",boxworth-samson-field,cambridgeshire,52.251,-0.033,53,1977,2002
00452,MEPAL,mepal,cambridgeshire,52.422,0.1,-2,1967,2005
00453,MARCH,march,cambridgeshire,52.55,0.093,2,1998,1998
00454,"CAMBRIDGE, BOTANIC GARDEN",cambridge-botanic-garden,cambridgeshire,52.194,0.129,13,1911,2018
00455,"CAMBRIDGE, NIAB",cambridge-niab,cambridgeshire,52.245,0.1,26,1959,2018
00456,MONKS WOOD,monks-wood,cambridgeshire,52.402,-0.237,41,1963,2018
00458,WOBURN,woburn,bedfordshire,52.014,-0.596,89,1959,2018
00459,DUNSTABLE,dunstable,bedfordshire,51.886,-0.54,157,1957,1960
00461,BEDFORD,bedford,bedfordshire,52.227,-0.465,85,1982,2018
00463,"LUTON, WARDOWN PARK",luton-wardown-park,bedfordshire,51.897,-0.419,116,1959,1963
00464,SILSOE,silsoe,bedfordshire,52.01,-0.41,59,1959,1997
00465,CARDINGTON,cardington,bedfordshire,52.104,-0.423,29,1960,1980
00466,LUTON,luton,bedfordshire,51.882,-0.377,158,1967,1988
00469,ALDENHAM SCHOOL NO 2,aldenham-school-no-2,hertfordshire,51.662,-0.328,91,1965,2007
00471,ROTHAMSTED,rothamsted,hertfordshire,51.807,-0.36,128,1916,2018
00472,"ST ALBANS, OAKLANDS",st-albans-oaklands,hertfordshire,51.756,-0.288,80,1959,1984
00475,BAYFORDBURY,bayfordbury,hertfordshire,51.776,-0.095,67,1959,1960
00476,STANSTEAD ABBOTS,stanstead-abbots,hertfordshire,51.773,0.012,30,1959,1986
00477,HODDESDON,hoddesdon,hertfordshire,51.777,-0.017,43,1959,1988
00481,HIGH BEACH,high-beach,essex,51.664,0.041,110,1978,2018
00483,HARLOW,harlow,essex,51.77,0.13,79,1963,1981
00484,STANSTED,stansted,essex,51.881,0.223,101,1982,1997
00487,WRITTLE,writtle,essex,51.734,0.429,32,1959,2018
00489,CORYTON,coryton,essex,51.513,0.515,3,1959,1963
00491,HALSTEAD,halstead,essex,51.947,0.645,70,1975,1992
00494,EARLS COLNE,earls-colne,essex,51.927,0.701,51,1959,1975
00496,"SOUTHEND, SOUTHCHURCH PARK",southend-southchurch-park,essex,51.532,0.738,4,1998,2004
00498,"SHOEBURYNESS, LANDWICK",shoeburyness-landwick,essex,51.555,0.827,2,2000,2018
00502,CLACTON-ON-SEA,clacton-on-sea,essex,51.785,1.148,16,1959,1995
00509,MALHAM TARN,malham-tarn,north-yorkshire,54.1,-2.164,381,1959,2018
00512,"BINGLEY, NO 1",bingley-no-1,west-yorkshire,53.846,-1.862,186,1959,1961
00513,"BINGLEY, NO 2",bingley-no-2,west-yorkshire,53.811,-1.867,262,2000,2018
00514,HUDDERSFIELD,huddersfield,west-yorkshire,53.645,-1.755,99,1959,1977
00515,"HUDDERSFIELD, OAKES",huddersfield-oakes,west-yorkshire,53.656,-1.831,232,1957,1986
00516,BRADFORD,bradford,west-yorkshire,53.814,-1.774,134,1908,2018
00523,LEEDS WEATHER CENTRE,leeds-weather-centre,west-yorkshire,53.801,-1.561,64,2000,2000
00524,HARROGATE,harrogate,north-yorkshire,54.015,-1.539,66,2000,2000
00525,SHEFFIELD,sheffield,south-yorkshire,53.381,-1.491,131,1994,2008
00528,WAKEFIELD,wakefield,west-yorkshire,53.675,-1.506,35,1959,1965
00530,KILLINGHALL,killinghall,north-yorkshire,54.015,-1.585,111,1959,1961
00531,ROTHERHAM,rotherham,south-yorkshire,53.426,-1.347,86,1959,1970
00533,CHURCH FENTON,church-fenton,north-yorkshire,53.836,-1.199,8,1998,2013
00534,BRAMHAM,bramham,west-yorkshire,53.869,-1.319,54,1959,2018
00535,CAWOOD,cawood,north-yorkshire,53.828,-1.148,6,1959,2018
00536,ASKHAM BRYAN,askham-bryan,north-yorkshire,53.923,-1.163,32,1959,2005
00539,BUXTON,buxton,derbyshire,53.258,-1.914,307,1912,2018
00542,COTON-IN-THE-ELMS,coton-in-the-elms,derbyshire,52.737,-1.641,85,1992,2018
00551,MORLEY,morley,derbyshire,52.957,-1.429,105,1959,2006
00552,WINGERWORTH NO 2,wingerworth-no-2,derbyshire,53.194,-1.435,115,1968,1991
00554,SUTTON BONINGTON,sutton-bonington,nottinghamshire,52.836,-1.251,43,1959,2018
00556,"NOTTINGHAM, WATNALL",nottingham-watnall,nottinghamshire,53.006,-1.251,117,1982,2018
00558,MANSFIELD NO 2,mansfield-no-2,nottinghamshire,53.151,-1.19,114,1961,1987
00559,NOTTINGHAM,nottingham,nottinghamshire,52.95,-1.155,59,1959,1982
00561,WARSOP,warsop,nottinghamshire,53.223,-1.116,46,1959,2006
00562,FINNINGLEY,finningley,south-yorkshire,53.483,-1.008,10,1982,1995
00564,SOUTHWELL,southwell,nottinghamshire,53.064,-0.963,70,1989,1993
00565,WEST RETFORD,west-retford,nottinghamshire,53.338,-0.956,14,1994,1996
00566,WISETON,wiseton,nottinghamshire,53.396,-0.932,6,1979,1995
00567,CLARBOROUGH,clarborough,nottinghamshire,53.341,-0.901,21,1987,1993
00573,LEICESTER,leicester,leicestershire,52.632,-1.081,81,1959,1963
00574,BROOKSBY HALL NO 2,brooksby-hall-no-2,leicestershire,52.732,-0.996,70,1979,1996
00576,COTTESMORE,cottesmore,leicestershire,52.727,-0.656,136,2011,2011
00577,BUGBROOKE MILL,bugbrooke-mill,northamptonshire,52.221,-1.005,76,1964,1978
00578,"NORTHAMPTON, MOULTON PARK",northampton-moulton-park,northamptonshire,52.274,-0.881,127,1976,2018
00580,RAUNDS,raunds,northamptonshire,52.338,-0.547,59,1959,1992
00583,WITTERING,wittering,cambridgeshire,52.612,-0.468,74,1998,2018
00586,"WINTERBOURNE, UNIVERSITY OF BIRMINGHAM",winterbourne-university-of-birmingham,west-midlands,52.454,-1.924,130,1988,2012
00588,LUDDINGTON NO 2,luddington-no-2,warwickshire,52.173,-1.776,42,1959,1967
00589,LUDDINGTON,luddington,warwickshire,52.173,-1.757,56,1968,1989
00590,STRATFORD-UPON-AVON,stratford-upon-avon,warwickshire,52.192,-1.762,49,1959,2001
00592,SHIPSTON-ON-STOUR,shipston-on-stour,warwickshire,52.064,-1.691,111,1959,1982
00593,ELMDON,elmdon,west-midlands,52.453,-1.742,96,1982,1998
00595,CHURCH LAWFORD,church-lawford,warwickshire,52.359,-1.331,107,1993,2018
00596,WELLESBOURNE,wellesbourne,warwickshire,52.206,-1.605,47,1959,2018
00597,"COVENTRY, TORRINGTON AVENUE",coventry-torrington-avenue,west-midlands,52.399,-1.575,107,1966,1973
00598,"COVENTRY, BABLAKE",coventry-bablake,west-midlands,52.414,-1.521,89,1984,1998
00599,MORETON MORRELL,moreton-morrell,warwickshire,52.195,-1.554,85,1959,1988
00600,COVENTRY AIRPORT,coventry-airport,warwickshire,52.366,-1.49,81,1974,1979
00601,COVENTRY,coventry,warwickshire,52.394,-1.519,103,1951,1966
00603,LONG LAWFORD,long-lawford,warwickshire,52.379,-1.307,87,1974,1977
00604,RUGBY,rugby,warwickshire,52.37,-1.257,117,1959,2000
00605,BRIZE NORTON,brize-norton,oxfordshire,51.758,-1.578,82,1982,2018
00606,OXFORD,oxford,oxfordshire,51.761,-1.264,63,1930,2018
00607,SOUTH NEWINGTON,south-newington,oxfordshire,51.998,-1.406,105,1995,2018
00609,SHIRBURN MODEL FARM,shirburn-model-farm,oxfordshire,51.669,-0.996,108,1969,2018
00613,BENSON,benson,oxfordshire,51.62,-1.099,57,1991,2018
00616,GRENDON UNDERWOOD,grendon-underwood,buckinghamshire,51.889,-1.016,67,1964,2000
00618,AYLESBURY,aylesbury,buckinghamshire,51.796,-0.782,96,1959,1985
00620,CHENIES NO 2,chenies-no-2,buckinghamshire,51.69,-0.534,139,1992,1998
00622,KEELE,keele,staffordshire,52.999,-2.27,179,1959,2018
00623,OAKEN,oaken,staffordshire,52.625,-2.213,125,1959,1982
00624,WHEATON ASTON,wheaton-aston,staffordshire,52.717,-2.226,111,1959,1960
00625,STONE NO 2,stone-no-2,staffordshire,52.886,-2.183,107,1960,1990
00626,PENKRIDGE,penkridge,staffordshire,52.702,-2.12,101,1959,2004
00630,ONECOTE,onecote,staffordshire,53.116,-1.949,411,1959,1969
00631,DENSTONE,denstone,staffordshire,52.957,-1.866,140,2001,2001
00634,PENNERLEY,pennerley,shropshire,52.59,-2.95,357,1991,2008
00635,OSWESTRY SCHOOL,oswestry-school,shropshire,52.856,-3.063,139,1999,1999
00636,EDGE,edge,shropshire,52.674,-2.891,126,1988,2018
00638,PRESTON MONTFORD,preston-montford,shropshire,52.725,-2.842,71,1976,2018
00639,"SHREWSBURY, SHELTON",shrewsbury-shelton,shropshire,52.715,-2.794,87,1984,1985
00640,"SHREWSBURY, MONKMOOR S WKS",shrewsbury-monkmoor-s-wks,shropshire,52.718,-2.718,55,1959,1983
00641,LUDLOW COLLEGE NO 2,ludlow-college-no-2,shropshire,52.367,-2.723,107,1997,1997
00643,SHAWBURY,shawbury,shropshire,52.795,-2.665,72,1982,2018
00646,NETHERCOTT,nethercott,shropshire,52.405,-2.476,150,1994,1994
00647,DETTON HALL,detton-hall,shropshire,52.413,-2.491,153,1994,2003
00648,COALBROOKDALE,coalbrookdale,shropshire,52.64,-2.494,73,2001,2001
00651,NEWPORT (SALOP),newport-salop,shropshire,52.778,-2.428,66,1959,2018
00653,MALVERN,malvern,hereford-and-worcester,52.113,-2.308,62,1913,2008
00655,WORCESTER,worcester,hereford-and-worcester,52.18,-2.187,58,1959,1969
00657,PERSHORE,pershore,hereford-and-worcester,52.148,-2.041,35,1993,2018
00658,PERSHORE COLLEGE,pershore-college,hereford-and-worcester,52.1,-2.06,37,1959,2018
00661,IPSLEY S WKS,ipsley-s-wks,hereford-and-worcester,52.288,-1.911,73,1966,1974
00663,HALESOWEN,halesowen,west-midlands,52.438,-2.076,153,1956,2004
00664,MADLEY,madley,hereford-and-worcester,52.031,-2.842,78,2001,2001
00665,HEREFORD,hereford,hereford-and-worcester,52.045,-2.701,51,1970,1979
00668,"BROMYARD, BATCHLEY FARM",bromyard-batchley-farm,hereford-and-worcester,52.214,-2.587,250,1984,2015
00669,SHOBDON AIRFIELD,shobdon-airfield,hereford-and-worcester,52.243,-2.886,99,1992,2018
00671,ROSS-ON-WYE,ross-on-wye,hereford-and-worcester,51.911,-2.586,67,1930,2018
00672,"WORCESTER, CORNMEADOW",worcester-cornmeadow,hereford-and-worcester,52.224,-2.225,30,1983,1986
00673,PRESTON WYNNE,preston-wynne,hereford-and-worcester,52.125,-2.638,84,1959,2008
00676,FILTON,filton,avon,51.522,-2.577,59,2001,2018
00680,SLIMBRIDGE,slimbridge,gloucestershire,51.74,-2.404,5,1997,1997
00682,RANDWICK,randwick,gloucestershire,51.762,-2.246,200,1989,2003
00683,HEMPSTED,hempsted,gloucestershire,51.84,-2.276,12,1959,1975
00687,CHELTENHAM,cheltenham,gloucestershire,51.895,-2.08,65,1926,2000
00688,CIRENCESTER,cirencester,gloucestershire,51.709,-1.996,133,1959,2018
00691,WESTONBIRT,westonbirt,gloucestershire,51.607,-2.221,135,1983,2018
00692,LITTLE RISSINGTON,little-rissington,gloucestershire,51.861,-1.693,210,1993,2018
00694,KENSINGTON PALACE,kensington-palace,greater-london,51.506,-0.187,25,1959,1978
00695,HAMPSTEAD,hampstead,greater-london,51.561,-0.18,137,2008,2008
00697,"LONDON, ST JAMES'S PARK",london-st-jamess-park,greater-london,51.505,-0.131,5,1980,2018
00701,CAMDEN SQUARE,camden-square,greater-london,51.545,-0.132,37,1959,1969
00708,HEATHROW,heathrow,greater-london,51.479,-0.451,25,2008,2011
00709,NORTHOLT,northolt,greater-london,51.549,-0.417,33,1995,2018
00712,WEALDSTONE,wealdstone,greater-london,51.595,-0.35,53,1959,1962
00713,HARROW WEALD,harrow-weald,greater-london,51.615,-0.336,98,1974,1981
00714,SOUTHGATE,southgate,greater-london,51.641,-0.124,67,1959,1987
00716,"ENFIELD, MIDDLESEX POLYTECHNIC",enfield-middlesex-polytechnic,greater-london,51.646,-0.047,17,1973,1990
00717,ENFIELD,enfield,greater-london,51.636,-0.038,51,1964,1964
00718,MERRIST WOOD,merrist-wood,surrey,51.274,-0.618,51,1973,1997
00719,WISLEY,wisley,surrey,51.311,-0.476,38,1905,2018
00720,MICKLEHAM,mickleham,surrey,51.261,-0.321,55,1969,2018
00723,KEW GARDENS,kew-gardens,greater-london,51.482,-0.294,6,1981,2018
00725,GATWICK,gatwick,west-sussex,51.152,-0.193,59,1994,1998
00726,KENLEY AIRFIELD,kenley-airfield,greater-london,51.304,-0.092,170,1993,2018
00733,EYNSFORD,eynsford,kent,51.37,0.206,43,1991,2008
00734,SWANLEY,swanley,kent,51.41,0.173,54,1959,1967
00737,TUNBRIDGE WELLS,tunbridge-wells,kent,51.131,0.268,107,1959,1964
00738,HADLOW COLLEGE,hadlow-college,kent,51.223,0.33,27,1966,1994
25315,ORKNEY: LOCH OF HUNDLAND,orkney-loch-of-hundland,orkney,59.112,-3.229,28,2012,2018
00742,GOUDHURST,goudhurst,kent,51.077,0.46,85,1981,2006
00743,LANGDON BAY,langdon-bay,kent,51.134,1.343,117,2011,2011
00744,EAST MALLING,east-malling,kent,51.288,0.448,33,1959,2018
00745,CHATHAM SOUTH,chatham-south,kent,51.365,0.523,91,1977,1979
00746,ULCOMBE,ulcombe,kent,51.197,0.636,47,1996,1996
00751,SITTINGBOURNE,sittingbourne,kent,51.319,0.712,69,1959,1966
00756,THROWLEY,throwley,kent,51.231,0.839,150,1959,1975
00757,FAVERSHAM,faversham,kent,51.297,0.878,46,1959,1998
00760,WYE,wye,kent,51.185,0.945,56,1959,2006
00762,"FOLKESTONE, FAIRWAY AVENUE",folkestone-fairway-avenue,kent,51.089,1.16,31,1972,2003
00763,FOLKESTONE,folkestone,kent,51.078,1.178,39,1919,1971
00765,HERNE BAY NO 2,herne-bay-no-2,kent,51.358,1.135,40,1985,1997
00767,ELMSTONE NO 2,elmstone-no-2,kent,51.3,1.245,5,1981,1981
00768,"HERNE BAY, MAYSTREET S WKS",herne-bay-maystreet-s-wks,kent,51.363,1.172,31,1972,1979
00770,DOVER,dover,kent,51.121,1.314,6,1918,1976
00775,MANSTON,manston,kent,51.347,1.335,49,1982,2018
00777,"MARGATE, NORTH DOWN",margate-north-down,kent,51.381,1.42,42,1994,2008
00778,MARGATE,margate,kent,51.392,1.402,16,1915,1988
00779,THORNEY ISLAND,thorney-island,west-sussex,50.815,-0.922,4,1992,2018
00781,ROGATE,rogate,west-sussex,51.007,-0.848,64,1969,1993
00782,BOGNOR REGIS,bognor-regis,west-sussex,50.782,-0.677,7,1959,2017
00785,FERNHURST,fernhurst,west-sussex,51.032,-0.706,57,1959,1981
00786,LITTLEHAMPTON,littlehampton,west-sussex,50.807,-0.535,5,1959,1979
00787,RUSTINGTON,rustington,west-sussex,50.821,-0.518,3,1960,1995
00790,NORTH HEATH,north-heath,west-sussex,50.994,-0.478,21,1968,1989
00791,"BRIGHTON, WHITEHAWK",brighton-whitehawk,east-sussex,50.832,-0.11,120,1983,1985
00792,WORTHING NO 2,worthing-no-2,west-sussex,50.814,-0.365,7,1959,1971
00793,WORTHING,worthing,west-sussex,50.819,-0.355,2,1971,1993
00795,SHOREHAM AIRPORT,shoreham-airport,west-sussex,50.836,-0.293,2,2011,2011
00797,BRIGHTON,brighton,east-sussex,50.821,-0.137,10,1959,1981
00801,BRIGHTON NO 2,brighton-no-2,east-sussex,50.825,-0.113,116,1987,1992
00803,PLUMPTON,plumpton,east-sussex,50.906,-0.071,76,1965,2003
00805,EAST GRINSTEAD NO 2,east-grinstead-no-2,west-sussex,51.116,-0.023,122,1959,1965
00808,EASTBOURNE,eastbourne,east-sussex,50.759,0.283,15,1911,2017
00811,"HERSTMONCEUX, WEST END",herstmonceux-west-end,east-sussex,50.891,0.317,52,1995,2018
00812,BEXHILL,bexhill,east-sussex,50.838,0.464,4,1923,2012
00814,LIPHOOK,liphook,hampshire,51.08,-0.815,98,1983,1988
00817,BODIAM,bodiam,east-sussex,50.996,0.542,22,1959,1975
00818,HASTINGS,hastings,east-sussex,50.856,0.57,45,1935,2017
00819,LAMBOURN,lambourn,berkshire,51.533,-1.49,192,1973,1996
00820,LETCOMBE REGIS,letcombe-regis,oxfordshire,51.574,-1.453,107,1973,1984
00823,COMPTON,compton,berkshire,51.518,-1.253,103,1959,1969
00824,WOOLHAMPTON,woolhampton,berkshire,51.409,-1.17,113,1959,1964
00825,WALLINGFORD,wallingford,oxfordshire,51.603,-1.113,47,1960,2018
00827,"ARBORFIELD, NAT INST RES DAIRYING",arborfield-nat-inst-res-dairying,berkshire,51.41,-0.913,49,1980,1992
00828,"SHINFIELD, NAT INST RES DAIRYING",shinfield-nat-inst-res-dairying,berkshire,51.41,-0.953,62,1975,1980
00829,"SHINFIELD, DEPT AGRIC BOTANY",shinfield-dept-agric-botany,berkshire,51.412,-0.946,61,1959,1975
00830,"READING UNIVERSITY, WHITEKNIGHTS",reading-university-whiteknights,berkshire,51.441,-0.938,66,1968,2018
00832,READING UNIVERSITY,reading-university,berkshire,51.45,-0.962,45,1959,1967
00834,FINCHAMPSTEAD,finchampstead,berkshire,51.363,-0.862,65,1959,1973
00835,"WOKINGHAM, ST CRISPINS SCHOOL",wokingham-st-crispins-school,berkshire,51.41,-0.821,61,1959,1961
00836,"HURLEY, RESEARCH INSTITUTE",hurley-research-institute,berkshire,51.539,-0.815,43,1959,1992
00838,"BRACKNELL, BEAUFORT PARK",bracknell-beaufort-park,berkshire,51.39,-0.786,74,1971,2003
00839,BRACKNELL MET OFFICE HQ,bracknell-met-office-hq,berkshire,51.416,-0.745,74,1962,1971
00840,BOURNEMOUTH,bournemouth,dorset,50.727,-1.885,40,1913,1977
00841,"BOURNEMOUTH, DORSET TECH COLLEGE",bournemouth-dorset-tech-college,dorset,50.742,-1.894,50,1978,1980
00842,HURN,hurn,dorset,50.779,-1.836,10,1982,2018
00843,"BOURNEMOUTH, KINGS PARK",bournemouth-kings-park,dorset,50.734,-1.824,27,1982,2018
00844,IBSLEY,ibsley,hampshire,50.884,-1.772,27,1992,1993
00846,EVERTON,everton,hampshire,50.742,-1.575,16,1959,2003
00847,MIDDLE WALLOP,middle-wallop,hampshire,51.15,-1.57,90,2011,2015
00848,"SOUTHAMPTON, MAYFLOWER PARK",southampton-mayflower-park,hampshire,50.899,-1.41,3,1970,2000
00849,"SOUTHAMPTON, EAST PARK",southampton-east-park,hampshire,50.905,-1.405,20,1959,1969
00850,SOUTHAMPTON,southampton,hampshire,50.901,-1.404,19,1994,1994
00851,SPARSHOLT,sparsholt,hampshire,51.085,-1.392,113,1976,1991
00852,LECKFORD,leckford,hampshire,51.124,-1.441,117,1959,2012
00855,OTTERBOURNE W WKS,otterbourne-w-wks,hampshire,51.009,-1.335,34,1985,2010
00856,WINCHESTER,winchester,hampshire,51.062,-1.324,82,1959,1975
00858,SOLENT,solent,hampshire,50.808,-1.211,9,1987,2011
00859,MARTYR WORTHY,martyr-worthy,hampshire,51.103,-1.263,85,1959,2002
00860,"KINGSCLERE, STRATTONS FARM",kingsclere-strattons-farm,hampshire,51.344,-1.265,102,1994,2002
00862,ODIHAM,odiham,hampshire,51.239,-0.945,118,1998,2018
00864,"BUTSER, HILLHAMPTON",butser-hillhampton,hampshire,50.963,-0.982,122,1976,1990
00865,"BUTSER, WINDMILL HILL",butser-windmill-hill,hampshire,50.944,-0.976,92,1990,2009
00866,LITTLE BUTSER,little-butser,hampshire,50.983,-0.977,183,1976,1990
00867,LONG SUTTON,long-sutton,hampshire,51.213,-0.93,145,1959,2001
00868,ALICE HOLT LODGE,alice-holt-lodge,hampshire,51.178,-0.85,115,1959,2018
00869,SOUTH FARNBOROUGH,south-farnborough,hampshire,51.28,-0.773,65,1993,2018
00876,WIGHT: ST CATHERINES POINT,wight-st-catherines-point,isle-of-wight,50.576,-1.297,20,2011,2011
00877,WIGHT: VENTNOR PARK,wight-ventnor-park,isle-of-wight,50.593,-1.213,60,1959,2017
00878,WIGHT: SHANKLIN,wight-shanklin,isle-of-wight,50.624,-1.181,55,2008,2015
00881,TROWBRIDGE,trowbridge,wiltshire,51.324,-2.224,37,1977,1983
00883,LACOCK,lacock,wiltshire,51.431,-2.115,49,1959,2018
00886,LYNEHAM,lyneham,wiltshire,51.503,-1.992,145,2000,2018
00888,LARKHILL,larkhill,wiltshire,51.202,-1.806,132,2002,2018
00889,BOSCOMBE DOWN,boscombe-down,wiltshire,51.162,-1.755,126,1978,2017
00891,MARLBOROUGH,marlborough,wiltshire,51.416,-1.735,129,1921,1996
00892,PORTON,porton,wiltshire,51.128,-1.701,111,1921,1980
00894,UPPER KILLEYAN,upper-killeyan,argyll-in-strathclyde-region,55.595,-6.317,90,1979,1987
00908,MACHRIHANISH,machrihanish,argyll-in-strathclyde-region,55.441,-5.697,10,2000,2018
00915,LOCHGILPHEAD,lochgilphead,argyll-in-strathclyde-region,56.034,-5.428,6,2011,2018
00918,DUNSTAFFNAGE,dunstaffnage,argyll-in-strathclyde-region,56.45,-5.44,3,1980,2018
00925,"BENMORE, FORESTRY SCHOOL",benmore-forestry-school,argyll-in-strathclyde-region,56.024,-4.989,14,1959,1965
00926,"BENMORE, YOUNGER BOTANIC GARDEN",benmore-younger-botanic-garden,argyll-in-strathclyde-region,56.028,-4.985,12,1977,2018
00928,ARDENTINNY,ardentinny,argyll-in-strathclyde-region,56.046,-4.914,5,1980,1997
17320,STOUGHTON LODGE,stoughton-lodge,leicestershire,52.618,-1.058,103,1996,1999
00937,ARRAN: BRODICK CASTLE,arran-brodick-castle,buteshire,55.592,-5.154,15,1965,2018
00939,BUTE: ROTHESAY,bute-rothesay,buteshire,55.839,-5.064,43,1959,2013
00940,GT CUMBRAE: MILLPORT,gt-cumbrae-millport,buteshire,55.749,-4.908,5,1998,2000
00949,"GARTOCHARN, PORTNELLAN FARM",gartocharn-portnellan-farm,dunbartonshire,56.048,-4.567,40,1994,2018
00950,ARROCHYMORE,arrochymore,stirling-in-central-region,56.093,-4.549,30,1973,1991
00951,KIRKINTILLOCH,kirkintilloch,dunbartonshire,55.943,-4.139,60,1977,1984
00954,MUGDOCK PARK,mugdock-park,stirling-in-central-region,55.973,-4.33,165,1990,2018
00957,"STIRLING, BATTERFLATS",stirling-batterflats,stirling-in-central-region,56.11,-3.954,38,1960,1982
00958,STIRLING,stirling,stirling-in-central-region,56.12,-3.943,46,1959,1969
00959,"PARKHEAD, STIRLING UNIVERSITY",parkhead-stirling-university,stirling-in-central-region,56.149,-3.907,35,1971,2004
00964,GREENOCK MRCC,greenock-mrcc,renfrewshire,55.962,-4.794,5,1998,1998
00968,PAISLEY,paisley,renfrewshire,55.845,-4.431,32,1914,2011
00971,ABBOTSINCH,abbotsinch,renfrewshire,55.869,-4.431,5,1982,1999
00972,POLLOK COUNTRY PARK,pollok-country-park,renfrewshire,55.825,-4.315,16,2008,2008
00980,"MOTHERWELL, STRATHCLYDE PARK",motherwell-strathclyde-park,lanarkshire,55.786,-4.023,22,2009,2015
00982,SALSBURGH,salsburgh,lanarkshire,55.861,-3.875,277,2011,2011
00986,CRAWFORDJOHN,crawfordjohn,lanarkshire,55.496,-3.776,274,1961,1982
00987,DRUMALBIN,drumalbin,lanarkshire,55.627,-3.736,245,1991,2018
00991,CARNWATH,carnwath,lanarkshire,55.7,-3.634,208,1970,2006
00994,GIRVAN,girvan,ayrshire,55.243,-4.857,8,2010,2010
00996,HUNTERSTON NO 3,hunterston-no-3,ayrshire,55.723,-4.893,8,2016,2018
00999,CULZEAN CASTLE,culzean-castle,ayrshire,55.351,-4.791,42,1991,2017
01005,AUCHINCRUIVE,auchincruive,ayrshire,55.477,-4.565,48,1959,2018
01006,PRESTWICK NO 2,prestwick-no-2,ayrshire,55.501,-4.584,16,1973,1993
01007,"PRESTWICK, GANNET",prestwick-gannet,ayrshire,55.515,-4.585,27,1996,2018
01010,KILMARNOCK,kilmarnock,ayrshire,55.607,-4.508,35,1959,1965
01011,KILMARNOCK NO 2,kilmarnock-no-2,ayrshire,55.608,-4.519,34,1965,1980
01012,CUMNOCK,cumnock,ayrshire,55.453,-4.274,99,1977,2004
01013,SAUGHALL,saughall,ayrshire,55.601,-4.226,221,1989,2013
01015,"DUMFRIES, DRUNGANS",dumfries-drungans,kirkcudbrightshire,55.054,-3.645,16,1998,1998
01017,DUMFRIES,dumfries,dumfriesshire,55.056,-3.595,49,1930,1998
01018,AUCHEN CASTLE,auchen-castle,dumfriesshire,55.329,-3.482,184,1981,1981
01019,DRUMLANRIG CASTLE,drumlanrig-castle,dumfriesshire,55.272,-3.804,75,1981,1982
01023,ESKDALEMUIR,eskdalemuir,dumfriesshire,55.312,-3.207,236,1971,2018
01026,CLATTERINGSHAWS NO 2,clatteringshaws-no-2,kirkcudbrightshire,55.075,-4.266,178,2003,2003
01027,GLENLEE,glenlee,kirkcudbrightshire,55.099,-4.185,55,2010,2010
01028,DUNDEUGH,dundeugh,kirkcudbrightshire,55.165,-4.202,119,1961,1981
01033,DUNDRENNAN,dundrennan,kirkcudbrightshire,54.803,-4.008,113,1990,2018
01035,THREAVE,threave,kirkcudbrightshire,54.926,-3.95,73,1965,2018
01036,CASTLE DOUGLAS,castle-douglas,kirkcudbrightshire,54.946,-3.892,60,1959,1965
01039,WEST FREUGH,west-freugh,wigtownshire,54.859,-4.935,11,1993,2018
01042,CREEBRIDGE,creebridge,wigtownshire,54.96,-4.475,18,2000,2000
01043,WHITHORN,whithorn,wigtownshire,54.703,-4.418,40,1981,1994
01044,NEWTON STEWART,newton-stewart,wigtownshire,54.96,-4.491,46,1979,1980
01054,ESKMEALS,eskmeals,cumbria,54.325,-3.408,8,1982,2001
01055,ST BEES HEAD NO 2,st-bees-head-no-2,cumbria,54.518,-3.615,124,1994,2018
01058,STAINBURN,stainburn,cumbria,54.646,-3.525,34,1983,1991
01059,EAGLESFIELD,eaglesfield,cumbria,54.639,-3.385,102,1982,1983
01060,KESWICK,keswick,cumbria,54.614,-3.157,81,1992,2018
01066,DRUMBURGH,drumburgh,cumbria,54.932,-3.159,7,1994,2018
01067,BLENCATHRA,blencathra,cumbria,54.62,-3.08,250,2007,2009
01070,CARLISLE,carlisle,cumbria,54.934,-2.964,28,1975,2018
01072,PENTON,penton,cumbria,55.086,-2.864,113,1992,2010
01073,NEWTON RIGG,newton-rigg,cumbria,54.67,-2.788,169,1906,2018
01074,WARCOP RANGE,warcop-range,cumbria,54.572,-2.413,227,1992,2018
01075,SPADEADAM,spadeadam,cumbria,55.041,-2.629,274,1959,1973
01076,SPADEADAM NO 2,spadeadam-no-2,cumbria,55.05,-2.554,285,2003,2018
01078,WALNEY ISLAND,walney-island,cumbria,54.125,-3.258,15,1994,2018
01082,CASTERTON NO 2,casterton-no-2,cumbria,54.209,-2.569,127,1991,1992
01083,SHAP,shap,cumbria,54.502,-2.685,252,1992,2018
01084,GREAT DUN FELL,great-dun-fell,cumbria,54.684,-2.45,847,1997,1997
01085,GREAT DUN FELL NO 2,great-dun-fell-no-2,cumbria,54.684,-2.451,847,2011,2011
01086,MOOR HOUSE,moor-house,cumbria,54.69,-2.377,556,1959,1980
01087,WIDDYBANK FELL,widdybank-fell,cumbria,54.663,-2.284,513,1974,1995
01088,"SOUTHPORT, GREENBANK",southport-greenbank,merseyside,53.622,-3.028,15,1988,2004
01089,BARROW-IN-FURNESS,barrow-in-furness,cumbria,54.126,-3.213,17,1961,1961
01090,"BLACKPOOL, SQUIRES GATE",blackpool-squires-gate,lancashire,53.775,-3.038,10,2011,2011
01093,AIGBURTH (RTC),aigburth-rtc,merseyside,53.36,-2.927,12,1973,1992
01094,SOUTHPORT NO 2,southport-no-2,merseyside,53.653,-3.005,7,1988,1988
01095,SOUTHPORT,southport,merseyside,53.679,-2.954,5,1959,1985
01096,AUGHTON,aughton,lancashire,53.55,-2.916,54,1979,1996
01100,GRIZEDALE,grizedale,cumbria,54.338,-3.021,91,1961,2007
01102,ST HELENS,st-helens,merseyside,53.438,-2.772,76,1973,1981
01103,LATHOM PARK,lathom-park,lancashire,53.571,-2.817,55,1971,1997
01104,KIRKHAM,kirkham,lancashire,53.804,-2.891,24,1959,1980
01105,HAZELRIGG,hazelrigg,lancashire,54.014,-2.775,95,1976,2018
01106,"GARSTANG, WINMARLEIGH",garstang-winmarleigh,lancashire,53.925,-2.81,21,1959,1969
01107,BAILRIGG,bailrigg,lancashire,54.005,-2.789,52,1968,1976
01110,PENKETH,penketh,cheshire,53.391,-2.663,16,1964,1970
01112,MYERSCOUGH,myerscough,lancashire,53.854,-2.767,14,1987,2018
01115,WINTER HILL,winter-hill,lancashire,53.626,-2.516,440,2006,2011
01117,BOLTON,bolton,greater-manchester,53.6,-2.419,107,1916,1991
01118,DARWEN,darwen,lancashire,53.69,-2.475,221,1921,1963
01121,SHUTTLEWORTH,shuttleworth,lancashire,53.655,-2.289,235,1997,1997
01122,HELMSHORE,helmshore,lancashire,53.68,-2.344,260,1959,1981
01123,"BURNLEY, MARSDEN HOSPITAL",burnley-marsden-hospital,lancashire,53.814,-2.222,200,1959,1971
01124,NELSON (LANCS),nelson-lancs,lancashire,53.842,-2.196,165,1959,1976
01125,ROCHDALE,rochdale,greater-manchester,53.609,-2.179,110,2007,2018
01130,NESS GARDENS,ness-gardens,cheshire,53.272,-3.047,38,1968,2011
01132,"NANTWICH, REASEHEATH HALL",nantwich-reaseheath-hall,cheshire,53.086,-2.526,40,1988,2018
01133,WINNINGTON,winnington,cheshire,53.268,-2.537,20,1959,1976
01134,KNUTSFORD,knutsford,cheshire,53.301,-2.368,65,1960,2000
01135,RINGWAY,ringway,greater-manchester,53.356,-2.281,69,2001,2004
01136,MACCLESFIELD,macclesfield,cheshire,53.265,-2.136,143,1925,1960
01137,RHYL NO 2,rhyl-no-2,clwyd,53.259,-3.509,77,1993,2018
01139,RHYL,rhyl,clwyd,53.314,-3.501,9,1926,1960
01142,MOEL-Y-CRIO,moel-y-crio,clwyd,53.22,-3.209,263,1985,2005
01143,HAWARDEN BRIDGE,hawarden-bridge,clwyd,53.217,-3.029,5,1924,1958
01144,HAWARDEN AIRPORT,hawarden-airport,clwyd,53.175,-2.986,11,1993,2018
01145,VALLEY,valley,gwynedd,53.253,-4.536,10,1982,2018
01147,AMLWCH,amlwch,gwynedd,53.381,-4.357,114,1998,1998
01148,BETWS-Y-COED,betws-y-coed,clwyd,53.097,-3.79,22,1976,2018
01149,COLWYN BAY,colwyn-bay,clwyd,53.291,-3.715,36,1929,2017
01151,"COLWYN BAY, NURSERY GARDENS",colwyn-bay-nursery-gardens,clwyd,53.293,-3.712,24,1972,1982
25728,HEMSBY TRIAL,hemsby-trial,norfolk,52.686,1.687,14,2000,2001
01153,RUTHIN,ruthin,clwyd,53.116,-3.297,82,1997,1997
01154,"LOGGERHEADS, COLOMENDY CENTRE",loggerheads-colomendy-centre,clwyd,53.149,-3.197,225,1960,2004
01155,LLANARMON DYFFRYN CEIRIOG,llanarmon-dyffryn-ceiriog,clwyd,52.886,-3.256,265,2011,2011
01156,BWLCHGWYN,bwlchgwyn,clwyd,53.06,-3.141,386,1959,1983
01157,WREXHAM,wrexham,clwyd,53.051,-2.989,88,1959,1974
01160,BOTWNNOG,botwnnog,gwynedd,52.851,-4.582,34,1960,1994
01161,ABERDARON,aberdaron,gwynedd,52.789,-4.741,95,1993,2018
01165,PEN-Y-FFRIDD,pen-y-ffridd,gwynedd,53.21,-4.155,86,1959,1997
01166,PORTHMADOG,porthmadog,gwynedd,52.915,-4.158,7,1997,1999
01167,SNOWDON SUMMIT,snowdon-summit,gwynedd,53.068,-4.077,1040,1996,1997
01168,CWM DYLI,cwm-dyli,gwynedd,53.068,-4.011,94,1959,1967
01169,ABER,aber,gwynedd,53.235,-4.024,18,1959,1982
01170,ABER NO 2,aber-no-2,gwynedd,53.238,-4.015,15,1983,2002
01171,CAPEL CURIG NO 3,capel-curig-no-3,gwynedd,53.094,-3.941,216,1993,2018
16580,"CAIRNORRIE, DRAKEMYRE CROFT",cairnorrie-drakemyre-croft,aberdeenshire,57.464,-2.208,154,1995,2006
01180,BALA,bala,gwynedd,52.908,-3.584,163,1970,2018
01182,CORWEN,corwen,clwyd,52.947,-3.418,144,1959,1982
01187,MOEL CYNNEDD,moel-cynnedd,powys-north,52.475,-3.705,358,1976,1998
01188,LLANFAIR CAEREINION,llanfair-caereinion,powys-north,52.641,-3.283,243,1977,2006
01189,LAKE VYRNWY,lake-vyrnwy,powys-north,52.758,-3.458,303,1961,1985
01190,LAKE VYRNWY NO 2,lake-vyrnwy-no-2,powys-north,52.757,-3.465,360,1994,2018
01192,NEWTOWN,newtown,powys-north,52.5,-3.341,120,1989,1991
01193,FORDEN,forden,powys-north,52.597,-3.153,91,1978,1980
01194,FORDEN NO 2,forden-no-2,powys-north,52.613,-3.122,135,1981,1983
01195,FORDEN NO 3,forden-no-3,powys-north,52.613,-3.125,150,1984,1986
01196,HOPE,hope,powys-north,52.662,-3.112,91,1977,1978
01198,ABERPORTH,aberporth,dyfed,52.14,-4.571,133,1982,2018
01204,SWYDDFFYNNON,swyddffynnon,dyfed,52.272,-3.916,168,2012,2018
01205,GOGERDDAN,gogerddan,dyfed,52.432,-4.02,31,1959,2018
01209,TRAWSGOED,trawsgoed,dyfed,52.344,-3.948,63,1993,2018
01210,LLETY-EVAN-HEN,llety-evan-hen,dyfed,52.448,-3.925,290,1959,1977
01211,CWMYSTWYTH,cwmystwyth,dyfed,52.359,-3.803,301,1959,2011
01213,PENDINE,pendine,dyfed,51.745,-4.509,5,1987,1988
01214,DALE FORT,dale-fort,dyfed,51.703,-5.152,33,1961,2017
01215,MILFORD HAVEN CONSERVANCY BOARD,milford-haven-conservancy-board,dyfed,51.709,-5.053,44,1996,2018
01217,ORIELTON,orielton,dyfed,51.653,-4.96,60,1964,2018
01222,TENBY,tenby,dyfed,51.669,-4.708,5,1928,2018
01223,WHITECHURCH,whitechurch,dyfed,51.989,-4.679,129,1978,2018
01225,"ST CLEARS, SALEM ROAD",st-clears-salem-road,dyfed,51.833,-4.493,40,1997,2012
01226,PEMBREY SANDS,pembrey-sands,dyfed,51.714,-4.367,3,1996,2011
01227,SARON,saron,dyfed,52.013,-4.37,152,1997,1997
01228,TOWY CASTLE,towy-castle,dyfed,51.804,-4.313,88,1980,1992
01229,CARMARTHEN,carmarthen,dyfed,51.841,-4.306,15,1962,1984
01231,LLANDEILO,llandeilo,dyfed,51.86,-4.039,80,1994,2013
01233,BRONYDD-MAWR,bronydd-mawr,powys-south,51.964,-3.629,330,1985,2009
01238,LLYSDINAM,llysdinam,powys-south,52.216,-3.452,196,1989,2018
01239,CEFN-LLECH,cefn-llech,powys-south,52.384,-3.537,317,1998,1998
01242,LLANDRINDOD WELLS,llandrindod-wells,powys-south,52.235,-3.376,235,1961,1974
01243,VELINDRE,velindre,powys-south,52.026,-3.187,152,1982,2018
01244,LLANDRINDOD WELLS NO 2,llandrindod-wells-no-2,powys-south,52.244,-3.384,195,1974,1975
01245,LLANGUNLLO NO 2,llangunllo-no-2,powys-south,52.332,-3.133,310,1989,2017
01249,LIBANUS,libanus,powys-south,51.924,-3.489,331,1998,2018
01255,MUMBLES HEAD,mumbles-head,west-glamorgan,51.566,-3.982,43,2011,2011
01256,PENMAEN,penmaen,west-glamorgan,51.58,-4.121,87,1968,2009
01257,"SWANSEA, VICTORIA PARK",swansea-victoria-park,west-glamorgan,51.612,-3.962,8,1910,1998
01262,TONDU,tondu,mid-glamorgan,51.545,-3.617,90,1997,1997
01264,BRIDGEND NO 2,bridgend-no-2,mid-glamorgan,51.505,-3.559,42,1974,1980
01270,FLAT HOLM,flat-holm,south-glamorgan,51.379,-3.123,15,1998,2005
01272,"CARDIFF, BUTE PARK",cardiff-bute-park,south-glamorgan,51.488,-3.189,9,1977,2018
01273,CARDIFF,cardiff,south-glamorgan,51.507,-3.161,62,1913,1976
01276,"TREDEGAR, BRYN BACH PARK NO 2",tredegar-bryn-bach-park-no-2,gwent,51.784,-3.268,360,2010,2018
01277,NEWPORT (MONMOUTH),newport-monmouth,gwent,51.558,-3.041,23,1959,1977
01278,"NEWPORT, CLEPPA PARK",newport-cleppa-park,gwent,51.557,-3.044,19,1988,1989
01279,USK,usk,gwent,51.713,-2.914,19,1959,2010
01280,PENHOW,penhow,gwent,51.612,-2.851,100,2009,2010
01282,CRUMBLAND PLANTATION,crumbland-plantation,gwent,51.718,-2.763,245,1959,1981
01284,HAWKRIDGE,hawkridge,somerset,51.083,-3.605,314,1959,1992
01285,LISCOMBE,liscombe,somerset,51.087,-3.609,348,1993,2018
01288,MINEHEAD,minehead,somerset,51.201,-3.467,8,1987,1995
01289,TIVINGTON,tivington,somerset,51.201,-3.531,83,1989,1998
01290,"NETTLECOMBE, BIRDS HILL",nettlecombe-birds-hill,somerset,51.118,-3.349,271,1984,2012
01291,NETTLECOMBE,nettlecombe,somerset,51.131,-3.35,96,1968,2017
01292,BRYMORE SCHOOL,brymore-school,somerset,51.149,-3.081,25,1978,1996
01293,CANNINGTON,cannington,somerset,51.153,-3.066,25,1959,2005
01297,TAUNTON,taunton,somerset,51.008,-3.1,22,1987,1989
01300,"CREWKERNE, WADHAM SCHOOL",crewkerne-wadham-school,somerset,50.89,-2.786,101,1977,1991
01302,YEOVILTON,yeovilton,somerset,51.006,-2.643,20,1982,2018
01304,RODNEY STOKE,rodney-stoke,somerset,51.248,-2.734,40,1964,2017
01305,LONG ASHTON,long-ashton,avon,51.425,-2.669,51,1920,2002
01307,"CASTLE CARY, GROVE MEAD",castle-cary-grove-mead,somerset,51.08,-2.504,135,2002,2004
01309,WINCANTON,wincanton,somerset,51.056,-2.424,113,1962,1982
01311,"BATH, BEECHEN CLIFF SCHOOL",bath-beechen-cliff-school,avon,51.372,-2.359,114,1963,2005
01312,BATH,bath,avon,51.386,-2.355,20,1904,1963
01314,"WEYMOUTH, WYKE REGIS",weymouth-wyke-regis,dorset,50.595,-2.477,33,1993,2011
01315,"WEYMOUTH, WESTHAM",weymouth-westham,dorset,50.615,-2.481,21,1993,1993
01317,LOWER KINGCOMBE,lower-kingcombe,dorset,50.789,-2.634,122,2008,2008
01319,ISLE OF PORTLAND,isle-of-portland,dorset,50.522,-2.456,52,2004,2011
01322,WINFRITH,winfrith,dorset,50.682,-2.256,26,1962,1991
01324,FONTMELL MAGNA,fontmell-magna,dorset,50.951,-2.185,90,1998,2014
01326,SWANAGE,swanage,dorset,50.614,-1.959,10,1959,2011
01328,POOLE S WKS,poole-s-wks,dorset,50.744,-1.994,5,1965,2004
01336,"PLYMOUTH, MOUNTBATTEN",plymouth-mountbatten,devon,50.355,-4.121,50,1982,2018
01337,PLYMOUTH HOE,plymouth-hoe,devon,50.363,-4.141,36,1959,1980
01338,RUMLEIGH,rumleigh,devon,50.491,-4.196,23,1978,1995
01339,TAVISTOCK,tavistock,devon,50.553,-4.144,139,1961,1979
01341,ROADFORD DAM,roadford-dam,devon,50.687,-4.234,131,1988,1992
01343,SAUNTON SANDS,saunton-sands,devon,51.118,-4.221,15,2003,2006
01346,CHIVENOR,chivenor,devon,51.089,-4.149,6,1996,2018
01348,ILFRACOMBE,ilfracombe,devon,51.21,-4.12,8,1930,1989
01350,"PRINCETOWN, PRISON",princetown-prison,devon,50.549,-4.001,453,1936,1998
01352,NORTH WYKE,north-wyke,devon,50.769,-3.904,177,1981,2018
01358,CHAWLEIGH,chawleigh,devon,50.896,-3.812,168,1978,1982
01359,CHELDON BARTON,cheldon-barton,devon,50.906,-3.802,163,1968,1977
01360,"DARTINGTON, TIGLEY",dartington-tigley,devon,50.428,-3.753,87,1994,1998
01362,SLAPTON,slapton,devon,50.293,-3.652,32,1986,2007
01363,STRETE,strete,devon,50.309,-3.633,125,1992,2000
01364,TOTNES NO 2,totnes-no-2,devon,50.454,-3.696,82,1969,1976
01365,NEWTON ABBOT,newton-abbot,devon,50.544,-3.655,83,1959,1976
01366,"BOVEY TRACEY, YARNER WOOD NO 2",bovey-tracey-yarner-wood-no-2,devon,50.592,-3.717,198,1977,1998
01367,BERRY HEAD,berry-head,devon,50.399,-3.484,58,2010,2011
01369,"TORQUAY, ABBEY PARK",torquay-abbey-park,devon,50.465,-3.541,15,1916,1998
01371,TEIGNMOUTH,teignmouth,devon,50.545,-3.495,3,1931,2011
01372,STARCROSS,starcross,devon,50.63,-3.455,9,1959,1990
01380,ROUSDON NO 2,rousdon-no-2,devon,50.711,-3.0,150,1998,1998
01383,DUNKESWELL AERODROME,dunkeswell-aerodrome,devon,50.86,-3.24,252,1979,2018
01386,SCILLY: ST MARYS AIRPORT,scilly-st-marys-airport,isles-of-scilly,49.915,-6.296,31,1993,2018
01389,"PENZANCE, PENLEE GARDENS",penzance-penlee-gardens,cornwall,50.118,-5.543,19,1926,1958
01390,GULVAL,gulval,cornwall,50.132,-5.519,15,1959,1981
01393,CULDROSE,culdrose,cornwall,50.084,-5.257,76,1999,2018
01395,CAMBORNE,camborne,cornwall,50.218,-5.328,87,1982,2018
01396,ROSEWARNE,rosewarne,cornwall,50.224,-5.306,76,1959,1989
01398,LIZARD LIGHTHOUSE,lizard-lighthouse,cornwall,49.959,-5.202,55,1991,1998
01399,FALMOUTH,falmouth,cornwall,50.152,-5.078,51,1930,1953
01400,PENDENNIS POINT,pendennis-point,cornwall,50.145,-5.045,42,2004,2007
01401,TRELISSICK,trelissick,cornwall,50.217,-5.033,39,1991,2001
01402,NEWQUAY,newquay,cornwall,50.412,-5.081,53,1920,1958
01403,"NEWQUAY, NO 2",newquay-no-2,cornwall,50.409,-5.067,32,1998,1998
01405,ST MAWGAN,st-mawgan,cornwall,50.439,-4.998,103,1996,2008
01408,HELIGAN,heligan,cornwall,50.283,-4.807,70,1994,2000
01410,"ST AUSTELL, BETHEL",st-austell-bethel,cornwall,50.346,-4.755,55,1975,1989
01415,"CARDINHAM, BODMIN",cardinham-bodmin,cornwall,50.502,-4.667,200,1992,2018
01418,BUDE,bude,cornwall,50.829,-4.546,15,1924,2011
01422,ELLBRIDGE,ellbridge,cornwall,50.447,-4.253,69,1959,1977
01429,BALLYKELLY,ballykelly,londonderry,55.057,-7.008,4,1996,2012
01432,AGHANLOO,aghanloo,londonderry,55.073,-6.947,18,1984,1995
01434,DERRYNOYD FOREST,derrynoyd-forest,londonderry,54.802,-6.803,88,1968,1970
01437,COLERAINE UNIVERSITY,coleraine-university,londonderry,55.154,-6.678,23,1969,2003
01439,GARVAGH FOREST,garvagh-forest,londonderry,54.984,-6.695,88,1967,1978
01440,MONEYDIG,moneydig,londonderry,54.993,-6.61,34,1968,1980
01448,PORTGLENONE,portglenone,antrim,54.865,-6.458,64,2000,2018
01450,ALDERGROVE,aldergrove,antrim,54.664,-6.225,63,1965,2018
01451,GREENMOUNT,greenmount,antrim,54.697,-6.208,38,1963,1996
01457,CARNLOUGH,carnlough,antrim,54.984,-5.993,12,1998,2005
01458,PARKMORE FOREST,parkmore-forest,antrim,55.019,-6.12,235,1960,2003
01467,BALLYPATRICK FOREST,ballypatrick-forest,antrim,55.181,-6.154,156,1993,2018
01469,"BELFAST, MALONE",belfast-malone,antrim,54.553,-5.968,35,1966,1990
01472,NEWTOWNABBEY,newtownabbey,antrim,54.652,-5.925,32,1967,1980
01475,BELFAST NEWFORGE,belfast-newforge,down,54.56,-5.941,36,1982,2018
01488,KILLOWEN,killowen,down,54.077,-6.184,4,2011,2011
01489,HILLSBOROUGH,hillsborough,down,54.453,-6.073,116,1959,2018
01490,HILLSBOROUGH MET OFFICE,hillsborough-met-office,down,54.485,-6.098,38,1980,2003
01493,MOURNE GRANGE,mourne-grange,down,54.068,-6.043,44,1981,1982
01494,TRASSEY SLIEVENAMAN,trassey-slievenaman,down,54.206,-6.006,220,2003,2018
01495,"BALLYKINE, ROCKVALE",ballykine-rockvale,down,54.399,-5.93,125,1993,1993
01496,TOLLYMORE PARK,tollymore-park,down,54.226,-5.94,93,1960,1970
01497,BRYANSFORD,bryansford,down,54.228,-5.937,85,1979,2001
01502,MURLOUGH,murlough,down,54.245,-5.832,12,1968,2018
01503,TIMPANY,timpany,down,54.363,-5.885,98,1967,1969
01504,KATESBRIDGE,katesbridge,down,54.297,-6.111,91,2011,2013
01505,"SAINTFIELD, ROWALLANE",saintfield-rowallane,down,54.447,-5.83,95,1985,2003
01507,STORMONT CASTLE,stormont-castle,down,54.603,-5.83,56,1961,2009
01508,CASTLEREAGH,castlereagh,down,54.565,-5.871,122,2007,2016
01509,MAGHERALLY,magherally,down,54.359,-6.196,97,1981,2018
01510,"DOWNPATRICK, KILLAVEES HOUSE",downpatrick-killavees-house,down,54.33,-5.69,58,1987,1995
01515,"HOLYWOOD, CROFT GARDENS",holywood-croft-gardens,down,54.642,-5.824,35,1985,1986
01517,BALLYWATTICOCK,ballywatticock,down,54.572,-5.657,6,1977,2018
01522,"BANGOR, SEACOURT",bangor-seacourt,down,54.668,-5.68,15,1975,1988
01523,HELENS BAY,helens-bay,down,54.669,-5.748,43,1989,2018
01529,ORLOCK HEAD,orlock-head,down,54.674,-5.584,35,2003,2011
01530,ARMAGH,armagh,armagh,54.352,-6.65,62,1994,2018
01531,LOUGHGALL NO 1,loughgall-no-1,armagh,54.408,-6.604,25,1959,1995
01532,ANNAGHMORE,annaghmore,armagh,54.459,-6.603,27,1980,2008
01534,GLENANNE NO 2,glenanne-no-2,armagh,54.237,-6.503,161,1993,2018
01538,PORTADOWN S WKS,portadown-s-wks,armagh,54.438,-6.43,16,1965,1975
01540,LURGAN CEMETERY,lurgan-cemetery,armagh,54.449,-6.347,55,1966,1985
01543,CASTLEDERG,castlederg,tyrone,54.707,-7.577,49,2001,2018
01544,BARONS COURT,barons-court,tyrone,54.696,-7.423,132,1987,2004
01545,BARONS COURT FOREST,barons-court-forest,tyrone,54.705,-7.441,88,1968,1973
01546,"STRABANE, GLEN ROAD",strabane-glen-road,tyrone,54.829,-7.451,60,1986,1994
01547,STRABANE,strabane,tyrone,54.823,-7.453,44,1971,1983
01550,LISLAP FOREST,lislap-forest,tyrone,54.686,-7.249,209,1959,1973
01551,EDENFEL,edenfel,tyrone,54.594,-7.283,89,1991,2016
01552,KNOCKMANY FOREST,knockmany-forest,tyrone,54.437,-7.173,73,1968,1970
01555,POMEROY FOREST,pomeroy-forest,tyrone,54.595,-6.91,174,1962,1985
01557,COOKSTOWN,cookstown,tyrone,54.615,-6.738,77,1967,1995
01562,CORGARY,corgary,fermanagh,54.44,-8.052,145,2004,2004
01563,LOUGH NAVAR FOREST,lough-navar-forest,fermanagh,54.439,-7.901,126,2000,2018
01566,ELY LODGE,ely-lodge,fermanagh,54.408,-7.707,64,1959,1960
01567,CASTLE ARCHDALE FOREST,castle-archdale-forest,fermanagh,54.482,-7.709,66,1962,1994
01568,ST ANGELO,st-angelo,fermanagh,54.396,-7.645,47,1993,2013
01570,LISNASKEA CREAMERY,lisnaskea-creamery,fermanagh,54.264,-7.477,49,2000,2000
01571,PUBBLE FOREST,pubble-forest,fermanagh,54.366,-7.485,91,1968,1970
10165,"COVENTRY, CITY HOSPITAL",coventry-city-hospital,west-midlands,52.414,-1.506,85,1911,1950
16725,WAINFLEET NO 2,wainfleet-no-2,lincolnshire,53.088,0.271,3,1996,2018
16769,WIGGONHOLT,wiggonholt,west-sussex,50.938,-0.494,28,1998,2009
18898,"BERRIEDALE, BADRINSARY",berriedale-badrinsary,caithness,58.197,-3.499,160,1997,2001
18901,"KIRRIEMUIR, ST MARYS RECTORY",kirriemuir-st-marys-rectory,angus,56.675,-3.012,135,1996,1999
18902,"BUTTERSTONE, LUNANBANK",butterstone-lunanbank,perthshire-in-tayside-region,56.59,-3.485,85,1996,1997
18903,SOUTH UIST RANGE,south-uist-range,western-isles,57.358,-7.385,4,2000,2018
24996,"HEREFORD, CREDENHILL",hereford-credenhill,hereford-and-worcester,52.08,-2.802,76,1999,2018
18954,"MINTLAW, BROOMBANK",mintlaw-broombank,aberdeenshire,57.539,-1.981,35,1997,2007
18959,"ABERFELDY, MAINS OF MURTHLY",aberfeldy-mains-of-murthly,perthshire-in-tayside-region,56.62,-3.837,174,1999,1999
18961,POMEROY PRIMARY SCHOOL,pomeroy-primary-school,tyrone,54.594,-6.922,157,1997,1997
18974,TIREE,tiree,argyll-in-strathclyde-region,56.5,-6.881,9,1982,2018
18979,"DALMALLY, STRONMILCHAN",dalmally-stronmilchan,argyll-in-strathclyde-region,56.41,-4.999,55,1997,2005
18985,LIVINGSTON MILL,livingston-mill,west-lothian-in-lothian-region,55.885,-3.546,108,1996,2018
16820,"ABERYSTWYTH, CORPORATION YARD",aberystwyth-corporation-yard,dyfed,52.412,-4.083,4,1926,1960
14093,ACHNAGART,achnagart,ross-and-cromarty,57.181,-5.375,15,2011,2011
16831,"COLWYN BAY, COUNCIL OFFICES",colwyn-bay-council-offices,clwyd,53.295,-3.73,25,1929,1929
02710,THORNES PARK,thornes-park,west-yorkshire,53.672,-1.516,35,2015,2018
19159,UPPER LAMBOURN,upper-lambourn,berkshire,51.52,-1.549,142,1997,2017
19168,SKYE: ACHNACLOICH,skye-achnacloich,inverness-shire,57.109,-5.982,20,2001,2003
19172,SKYE: LUSA,skye-lusa,western-isles,57.257,-5.805,18,1997,2017
19187,COLESHILL,coleshill,warwickshire,52.48,-1.691,96,1998,2018
19188,ANDREWSFIELD,andrewsfield,essex,51.896,0.451,87,1997,2018
19192,KILLYLANE,killylane,antrim,54.817,-6.005,250,1997,2009
19193,CAWDOR CASTLE NO 2,cawdor-castle-no-2,nairnshire,57.525,-3.924,60,1997,2018
19204,GRINGLEY-ON-THE-HILL,gringley-on-the-hill,nottinghamshire,53.406,-0.884,68,1998,2018
19206,ST ATHAN,st-athan,south-glamorgan,51.405,-3.441,49,1997,2018
19211,HARRIS: QUIDNISH,harris-quidnish,western-isles,57.78,-6.897,13,2011,2011
19219,"BIGGAR, EAST NETHERTON",biggar-east-netherton,lanarkshire,55.613,-3.564,200,1998,2003
19221,BROOKHALL,brookhall,londonderry,55.031,-7.288,47,1999,2007
19241,LLANBEDR,llanbedr,gwynedd,52.803,-4.124,9,1998,1998
19259,"DUMFRIES, CRICHTON ROYAL NO 2",dumfries-crichton-royal-no-2,dumfriesshire,55.047,-3.589,50,1998,2018
19260,"EDINBURGH, GOGARBANK",edinburgh-gogarbank,midlothian-in-lothian-region,55.928,-3.344,57,1998,2018
19275,"TAVISTOCK, OTTERY PARK FARM",tavistock-ottery-park-farm,devon,50.556,-4.195,128,1999,2002
15111,ARDEONAIG OUTDOOR CENTRE,ardeonaig-outdoor-centre,perthshire-in-central-region,56.485,-4.171,215,1997,2002
16579,BOULTENSTONE OUTDOOR CENTRE,boultenstone-outdoor-centre,aberdeenshire,57.185,-2.976,300,1995,1998
03805,TETFORD,tetford,lincolnshire,53.253,-0.009,59,2009,2009
25318,DARWEN NO 2,darwen-no-2,lancashire,53.683,-2.503,310,2000,2010
61875,BEWCASTLE,bewcastle,cumbria,55.065,-2.715,133,2013,2018
61986,TIBENHAM AIRFIELD,tibenham-airfield,norfolk,52.457,1.162,52,2017,2018
62004,OYNE NO 2,oyne-no-2,aberdeenshire,57.32,-2.545,116,2018,2018
25353,PEATLANDS,peatlands,armagh,54.483,-6.62,34,2001,2001
62031,AMERSHAM FIELD CENTRE,amersham-field-centre,buckinghamshire,51.665,-0.657,150,2015,2017
62037,MAULDS MEABURN,maulds-meaburn,cumbria,54.538,-2.582,183,2015,2018
62039,BAINTOWN,baintown,fife,56.221,-3.043,123,2015,2018
62041,EXETER AIRPORT NO 2,exeter-airport-no-2,devon,50.737,-3.406,27,2011,2018
62057,"BUNTINGFORD, NO 2",buntingford-no-2,hertfordshire,51.943,-0.091,138,2014,2017
62082,"SOUTH STAINMORE, NO.2",south-stainmore-no-2,cumbria,54.513,-2.245,291,2016,2018
17176,"HIGH WYCOMBE, HQAIR",high-wycombe-hqair,buckinghamshire,51.682,-0.807,204,2011,2011
17177,LOUGHGALL NO 2,loughgall-no-2,armagh,54.408,-6.592,37,1995,2014
17182,COPLEY,copley,durham,54.624,-1.871,253,1995,2018
17183,HUNT HALL FARM,hunt-hall-farm,durham,54.669,-2.229,370,1995,2018
17185,LOWTOWN,lowtown,antrim,54.831,-6.01,213,1965,1996
17189,"DALL, RANNOCH SCHOOL",dall-rannoch-school,perthshire-in-tayside-region,56.679,-4.297,230,1995,2003
04911,NORWICH AIRPORT,norwich-airport,norfolk,52.678,1.28,32,2011,2011
17224,WIGHT: NEEDLES OLD BATTERY,wight-needles-old-battery,isle-of-wight,50.663,-1.583,80,2011,2011
13298,BARWHILLANTY HOUSE,barwhillanty-house,kirkcudbrightshire,55.014,-3.997,125,1999,2018
13343,LOGAN BOTANIC GARDEN,logan-botanic-garden,wigtownshire,54.743,-4.959,27,2000,2018
30008,"PORTPATRICK, SOUTH CLIFF",portpatrick-south-cliff,wigtownshire,54.841,-5.115,30,2012,2012
30089,"DOVER, NO 2",dover-no-2,kent,51.128,1.316,18,2000,2002
30101,"SPALDING, LOW FULNEY",spalding-low-fulney,lincolnshire,52.77,-0.125,3,2002,2002
30103,AVIEMORE TRIAL,aviemore-trial,inverness-shire,57.206,-3.828,228,2000,2001
17309,CROSBY,crosby,merseyside,53.497,-3.058,9,2011,2011
17310,"FETTERCAIRN, GLENSAUGH NO 2",fettercairn-glensaugh-no-2,kincardineshire,56.893,-2.542,171,1959,2018
30138,LEITH HALL NO 2,leith-hall-no-2,aberdeenshire,57.358,-2.768,193,2002,2006
17314,LEEMING,leeming,north-yorkshire,54.297,-1.533,33,1982,2018
30202,"BALLATER, GOLF ROAD",ballater-golf-road,aberdeenshire,57.048,-3.043,202,2001,2001
30203,"ARBROATH, GOLF CLUB",arbroath-golf-club,angus,56.541,-2.626,6,2001,2004
30204,"GRENDON UNDERWOOD, H M PRISON",grendon-underwood-h-m-prison,buckinghamshire,51.893,-1.009,89,2001,2002
30270,BEALACH NA BA NO 2,bealach-na-ba-no-2,ross-and-cromarty,57.418,-5.689,773,2011,2011
30279,ACHILTIBUIE,achiltibuie,ross-and-cromarty,58.017,-5.345,22,2012,2012
17336,GLEN OGLE,glen-ogle,perthshire-in-central-region,56.423,-4.32,564,2011,2011
17344,LOFTUS,loftus,cleveland,54.563,-0.864,158,1998,2018
30436,ARDTORNISH GARDENS,ardtornish-gardens,argyll-in-highland-region,56.561,-5.741,10,2001,2006
30448,LLANFYNYDD,llanfynydd,dyfed,51.919,-4.101,104,2014,2018
30523,ALBEMARLE,albemarle,northumberland,55.02,-1.882,142,2003,2018
14142,MULL: TOROSAY GARDENS,mull-torosay-gardens,argyll-in-strathclyde-region,56.454,-5.686,8,1996,2006
30620,CHARLWOOD,charlwood,surrey,51.144,-0.229,67,2002,2018
24218,HARTPURY COLLEGE,hartpury-college,gloucestershire,51.904,-2.312,41,2012,2012
30690,"LEEK, THORNCLIFFE",leek-thorncliffe,staffordshire,53.128,-1.981,298,2002,2018
30747,"BERWICK-UPON-TWEED, MURTON FARM",berwick-upon-tweed-murton-farm,northumberland,55.733,-2.052,61,2002,2017
30810,"ABERFELDY, DULL",aberfeldy-dull,perthshire-in-tayside-region,56.621,-3.925,100,2003,2017
14444,DUNROBIN CASTLE GARDENS,dunrobin-castle-gardens,sutherland,57.98,-3.945,6,2018,2018
25618,BRAMPTON NO 3,brampton-no-3,cumbria,54.935,-2.735,117,2004,2018
14533,LOCHLUICHART,lochluichart,ross-and-cromarty,57.622,-4.82,88,2001,2003
55511,WOODFORD,woodford,cheshire,53.339,-2.155,88,2003,2012
55536,"BUNTINGFORD, NO 1",buntingford-no-1,hertfordshire,51.953,-0.025,100,2007,2014
16581,ROSEHEARTY,rosehearty,aberdeenshire,57.698,-2.123,4,2000,2012
16583,SILVERSTONE NO 2,silverstone-no-2,northamptonshire,52.107,-1.01,106,1997,1997
08401,"TORQUAY, CARY GREEN",torquay-cary-green,devon,50.461,-3.526,4,1916,1929
14768,CLUNY CASTLE,cluny-castle,inverness-shire,57.019,-4.23,249,1997,1998
24770,"STRABANE, CARRICKLEE",strabane-carricklee,tyrone,54.808,-7.499,39,1999,2010
16588,"GRAVESEND, BROADNESS",gravesend-broadness,kent,51.465,0.311,3,2006,2011
16589,REDESDALE CAMP,redesdale-camp,northumberland,55.285,-2.279,211,1996,2018
55827,BRAEMAR NO 2,braemar-no-2,aberdeenshire,57.011,-3.397,327,2005,2018
55833,"RHANDIRMWYN, COLEG ELIDYR",rhandirmwyn-coleg-elidyr,carmarthenshire,52.075,-3.776,135,2009,2009
06706,"GREENWICH, OBSERVATORY",greenwich-observatory,greater-london,51.478,-0.003,47,1998,1998
55890,PORT HENDERSON,port-henderson,ross-and-cromarty,57.696,-5.777,18,2013,2018
55896,"URQUHART, NORTHWOOD",urquhart-northwood,ross-and-cromarty,57.594,-4.374,17,2013,2018
15034,BRECHIN S WKS,brechin-s-wks,angus,56.723,-2.624,20,1996,2005
15045,CROMBIE COUNTRY PARK,crombie-country-park,angus,56.554,-2.777,161,2002,2017
16596,TOPCLIFFE,topcliffe,north-yorkshire,54.205,-1.39,25,2011,2011
18899,"HALKIRK, DALE FARM",halkirk-dale-farm,caithness,58.459,-3.483,64,1997,2007
56130,DAWYCK BOTANIC GARDEN,dawyck-botanic-garden,peebleshire,55.604,-3.323,183,2007,2018
23417,ISLAY: PORT ELLEN,islay-port-ellen,argyll-in-strathclyde-region,55.681,-6.25,17,1998,2018
23446,REDHILL,redhill,surrey,51.215,-0.137,63,2006,2006
09370,CHEDDAR P STA,cheddar-p-sta,somerset,51.276,-2.786,16,1966,1973
56229,OYNE,oyne,aberdeenshire,57.319,-2.551,124,2012,2012
56251,"LOWESTOFT, MONCKTON AVENUE",lowestoft-monckton-avenue,suffolk,52.484,1.725,18,2003,2010
23491,HALESOWEN NO 2,halesowen-no-2,west-midlands,52.437,-2.076,153,1998,2002
23510,HOLNE,holne,devon,50.517,-3.843,282,2010,2010
08231,HUNTSHAM,huntsham,devon,50.953,-3.438,237,2015,2015
56339,TREGARTH,tregarth,gwynedd,53.188,-4.106,119,2010,2010
15381,"AUCHTERMUCHTY, ROSSIE",auchtermuchty-rossie,fife,56.299,-3.203,75,1997,2018
24790,DRUMLAMFORD HOUSE,drumlamford-house,ayrshire,55.057,-4.681,132,1999,2007
16608,"LITTLEHAMPTON, TODDINGTON LANE",littlehampton-toddington-lane,west-sussex,50.827,-0.529,3,1995,2002
56423,"MIDDLETON, HILLSIDE",middleton-hillside,derbyshire,53.099,-1.589,295,2009,2018
56424,WINTERBOURNE NO2,winterbourne-no2,west-midlands,52.456,-1.928,140,2011,2018
24793,"ALSTON, SPRINGHOUSE PARK",alston-springhouse-park,cumbria,54.811,-2.457,320,2018,2018
56486,MONA,mona,isle-of-anglesey,53.261,-4.376,60,2011,2011
16611,SENNYBRIDGE NO 2,sennybridge-no-2,powys-south,52.063,-3.615,307,2000,2018
16612,PRESTON,preston,dorset,50.637,-2.426,44,2015,2018
16613,ROCKINGHAM,rockingham,northamptonshire,52.517,-0.727,59,1996,2003
23943,SPITTAL OF GLENSHEE,spittal-of-glenshee,perthshire-in-tayside-region,56.764,-3.397,308,1998,1998
23944,"NAIRN, DRUIM",nairn-druim,nairnshire,57.593,-3.822,23,1998,2014
07621,LINKENHOLT POST OFFICE,linkenholt-post-office,hampshire,51.32,-1.479,197,2013,2017
24084,TIVINGTON FARM,tivington-farm,somerset,51.199,-3.531,85,1998,1999
24102,"COVENTRY, COUNDON",coventry-coundon,west-midlands,52.424,-1.536,119,1998,2018
24125,"GLASGOW, BISHOPTON",glasgow-bishopton,renfrewshire,55.907,-4.532,59,1999,2018
56937,GIANTS CAUSEWAY,giants-causeway,antrim,55.234,-6.512,80,2011,2018
07786,BOYTON,boyton,wiltshire,51.162,-2.07,87,1996,2008
56939,USK NO 2,usk-no-2,monmouthshire,51.714,-2.923,25,2011,2018
56958,EMLEY MOOR NO 2,emley-moor-no-2,west-yorkshire,53.612,-1.668,267,2011,2011
56963,MAGILLIGAN NO 2,magilligan-no-2,londonderry,55.16,-6.949,6,2011,2018
16031,CHILLINGHAM BARNS,chillingham-barns,northumberland,55.53,-1.918,70,2012,2012
57063,THOMASTOWN,thomastown,fermanagh,54.33,-7.595,72,2012,2018
57093,STOWE,stowe,buckinghamshire,52.042,-1.013,145,2012,2018
57118,BUTE: ROTHESAY NO2,bute-rothesay-no2,buteshire,55.825,-5.056,36,2013,2018
09529,AMMERDOWN HOUSE,ammerdown-house,somerset,51.273,-2.414,153,2015,2018
57233,MARGAM NO 2,margam-no-2,glamorganshire,51.555,-3.721,40,2013,2018
57266,SALTFLEETBY ST CLEMENTS,saltfleetby-st-clements,lincolnshire,53.399,0.187,1,2013,2017
end data
